[
{
    "model": "admin.logentry",
    "pk": 1,
    "fields": {
        "action_time": "2021-04-05T11:42:28.354Z",
        "user": 1,
        "content_type": 20,
        "object_id": "1",
        "object_repr": "none",
        "action_flag": 1,
        "change_message": "[{\"added\": {}}]"
    }
},
{
    "model": "admin.logentry",
    "pk": 2,
    "fields": {
        "action_time": "2021-04-05T11:42:35.509Z",
        "user": 1,
        "content_type": 20,
        "object_id": "2",
        "object_repr": "low",
        "action_flag": 1,
        "change_message": "[{\"added\": {}}]"
    }
},
{
    "model": "admin.logentry",
    "pk": 3,
    "fields": {
        "action_time": "2021-04-05T11:42:45.760Z",
        "user": 1,
        "content_type": 20,
        "object_id": "3",
        "object_repr": "medium",
        "action_flag": 1,
        "change_message": "[{\"added\": {}}]"
    }
},
{
    "model": "admin.logentry",
    "pk": 4,
    "fields": {
        "action_time": "2021-04-05T11:42:53.373Z",
        "user": 1,
        "content_type": 20,
        "object_id": "4",
        "object_repr": "high",
        "action_flag": 1,
        "change_message": "[{\"added\": {}}]"
    }
},
{
    "model": "admin.logentry",
    "pk": 5,
    "fields": {
        "action_time": "2021-04-05T11:43:07.732Z",
        "user": 1,
        "content_type": 20,
        "object_id": "5",
        "object_repr": "critical",
        "action_flag": 1,
        "change_message": "[{\"added\": {}}]"
    }
},
{
    "model": "admin.logentry",
    "pk": 6,
    "fields": {
        "action_time": "2021-04-05T11:48:12.791Z",
        "user": 1,
        "content_type": 21,
        "object_id": "1",
        "object_repr": "Google",
        "action_flag": 1,
        "change_message": "[{\"added\": {}}]"
    }
},
{
    "model": "admin.logentry",
    "pk": 7,
    "fields": {
        "action_time": "2021-04-05T11:48:39.848Z",
        "user": 1,
        "content_type": 16,
        "object_id": "1",
        "object_repr": "HTML",
        "action_flag": 1,
        "change_message": "[{\"added\": {}}]"
    }
},
{
    "model": "admin.logentry",
    "pk": 8,
    "fields": {
        "action_time": "2021-04-05T11:48:54.019Z",
        "user": 1,
        "content_type": 16,
        "object_id": "2",
        "object_repr": "CSS",
        "action_flag": 1,
        "change_message": "[{\"added\": {}}]"
    }
},
{
    "model": "admin.logentry",
    "pk": 9,
    "fields": {
        "action_time": "2021-04-05T17:19:56.842Z",
        "user": 1,
        "content_type": 11,
        "object_id": "1",
        "object_repr": "مستكشف اول",
        "action_flag": 1,
        "change_message": "[{\"added\": {}}]"
    }
},
{
    "model": "admin.logentry",
    "pk": 10,
    "fields": {
        "action_time": "2021-04-05T17:21:07.108Z",
        "user": 1,
        "content_type": 15,
        "object_id": "1",
        "object_repr": "Injection",
        "action_flag": 1,
        "change_message": "[{\"added\": {}}]"
    }
},
{
    "model": "admin.logentry",
    "pk": 11,
    "fields": {
        "action_time": "2021-04-05T17:21:16.141Z",
        "user": 1,
        "content_type": 15,
        "object_id": "2",
        "object_repr": "Broken Authentication",
        "action_flag": 1,
        "change_message": "[{\"added\": {}}]"
    }
},
{
    "model": "admin.logentry",
    "pk": 12,
    "fields": {
        "action_time": "2021-04-05T17:21:23.712Z",
        "user": 1,
        "content_type": 15,
        "object_id": "3",
        "object_repr": "Sensitive Data Exposure",
        "action_flag": 1,
        "change_message": "[{\"added\": {}}]"
    }
},
{
    "model": "admin.logentry",
    "pk": 13,
    "fields": {
        "action_time": "2021-04-05T17:21:39.624Z",
        "user": 1,
        "content_type": 15,
        "object_id": "4",
        "object_repr": "XML External Entities (XXE)",
        "action_flag": 1,
        "change_message": "[{\"added\": {}}]"
    }
},
{
    "model": "admin.logentry",
    "pk": 14,
    "fields": {
        "action_time": "2021-04-05T17:21:49.516Z",
        "user": 1,
        "content_type": 15,
        "object_id": "5",
        "object_repr": "Broken Access control",
        "action_flag": 1,
        "change_message": "[{\"added\": {}}]"
    }
},
{
    "model": "admin.logentry",
    "pk": 15,
    "fields": {
        "action_time": "2021-04-05T17:22:03.082Z",
        "user": 1,
        "content_type": 15,
        "object_id": "6",
        "object_repr": "Security misconfigurations",
        "action_flag": 1,
        "change_message": "[{\"added\": {}}]"
    }
},
{
    "model": "admin.logentry",
    "pk": 16,
    "fields": {
        "action_time": "2021-04-05T17:22:26.787Z",
        "user": 1,
        "content_type": 15,
        "object_id": "7",
        "object_repr": "Cross Site Scripting (XSS)",
        "action_flag": 1,
        "change_message": "[{\"added\": {}}]"
    }
},
{
    "model": "admin.logentry",
    "pk": 17,
    "fields": {
        "action_time": "2021-04-05T17:22:37.358Z",
        "user": 1,
        "content_type": 15,
        "object_id": "8",
        "object_repr": "Insecure Deserialization",
        "action_flag": 1,
        "change_message": "[{\"added\": {}}]"
    }
},
{
    "model": "admin.logentry",
    "pk": 18,
    "fields": {
        "action_time": "2021-04-05T17:22:47.134Z",
        "user": 1,
        "content_type": 15,
        "object_id": "9",
        "object_repr": "Using Components with known vulnerabilities",
        "action_flag": 1,
        "change_message": "[{\"added\": {}}]"
    }
},
{
    "model": "admin.logentry",
    "pk": 19,
    "fields": {
        "action_time": "2021-04-05T17:22:58.073Z",
        "user": 1,
        "content_type": 15,
        "object_id": "10",
        "object_repr": "Insufficient logging and monitoring",
        "action_flag": 1,
        "change_message": "[{\"added\": {}}]"
    }
},
{
    "model": "admin.logentry",
    "pk": 20,
    "fields": {
        "action_time": "2021-04-05T17:23:12.053Z",
        "user": 1,
        "content_type": 16,
        "object_id": "3",
        "object_repr": "python",
        "action_flag": 1,
        "change_message": "[{\"added\": {}}]"
    }
},
{
    "model": "admin.logentry",
    "pk": 21,
    "fields": {
        "action_time": "2021-04-05T17:23:19.918Z",
        "user": 1,
        "content_type": 16,
        "object_id": "4",
        "object_repr": "c++",
        "action_flag": 1,
        "change_message": "[{\"added\": {}}]"
    }
},
{
    "model": "admin.logentry",
    "pk": 22,
    "fields": {
        "action_time": "2021-04-05T17:23:30.891Z",
        "user": 1,
        "content_type": 16,
        "object_id": "5",
        "object_repr": "C#",
        "action_flag": 1,
        "change_message": "[{\"added\": {}}]"
    }
},
{
    "model": "admin.logentry",
    "pk": 23,
    "fields": {
        "action_time": "2021-04-05T17:38:18.154Z",
        "user": 1,
        "content_type": 17,
        "object_id": "1",
        "object_repr": "Use of Hard-coded Cryptographic Key",
        "action_flag": 1,
        "change_message": "[{\"added\": {}}]"
    }
},
{
    "model": "admin.logentry",
    "pk": 24,
    "fields": {
        "action_time": "2021-04-05T17:38:54.028Z",
        "user": 1,
        "content_type": 17,
        "object_id": "2",
        "object_repr": "HTTP Response Splitting",
        "action_flag": 1,
        "change_message": "[{\"added\": {}}]"
    }
},
{
    "model": "admin.logentry",
    "pk": 25,
    "fields": {
        "action_time": "2021-04-05T17:39:07.718Z",
        "user": 1,
        "content_type": 17,
        "object_id": "3",
        "object_repr": "Memory Corruption - Generic",
        "action_flag": 1,
        "change_message": "[{\"added\": {}}]"
    }
},
{
    "model": "admin.logentry",
    "pk": 26,
    "fields": {
        "action_time": "2021-04-05T17:39:18.159Z",
        "user": 1,
        "content_type": 17,
        "object_id": "4",
        "object_repr": "Classic Buffer Overflow",
        "action_flag": 1,
        "change_message": "[{\"added\": {}}]"
    }
},
{
    "model": "admin.logentry",
    "pk": 27,
    "fields": {
        "action_time": "2021-04-05T17:39:31.673Z",
        "user": 1,
        "content_type": 17,
        "object_id": "5",
        "object_repr": "Stack Overflow",
        "action_flag": 1,
        "change_message": "[{\"added\": {}}]"
    }
},
{
    "model": "admin.logentry",
    "pk": 28,
    "fields": {
        "action_time": "2021-04-05T17:39:48.866Z",
        "user": 1,
        "content_type": 17,
        "object_id": "6",
        "object_repr": "Heap Overflow",
        "action_flag": 1,
        "change_message": "[{\"added\": {}}]"
    }
},
{
    "model": "admin.logentry",
    "pk": 29,
    "fields": {
        "action_time": "2021-04-05T17:40:05.509Z",
        "user": 1,
        "content_type": 17,
        "object_id": "7",
        "object_repr": "Write-what-where Condition",
        "action_flag": 1,
        "change_message": "[{\"added\": {}}]"
    }
},
{
    "model": "admin.logentry",
    "pk": 30,
    "fields": {
        "action_time": "2021-04-05T17:40:21.378Z",
        "user": 1,
        "content_type": 17,
        "object_id": "8",
        "object_repr": "Buffer Underflow",
        "action_flag": 1,
        "change_message": "[{\"added\": {}}]"
    }
},
{
    "model": "admin.logentry",
    "pk": 31,
    "fields": {
        "action_time": "2021-04-05T17:40:30.582Z",
        "user": 1,
        "content_type": 17,
        "object_id": "9",
        "object_repr": "Out-of-bounds Read",
        "action_flag": 1,
        "change_message": "[{\"added\": {}}]"
    }
},
{
    "model": "admin.logentry",
    "pk": 32,
    "fields": {
        "action_time": "2021-04-05T17:40:40.847Z",
        "user": 1,
        "content_type": 17,
        "object_id": "10",
        "object_repr": "Buffer Over-read",
        "action_flag": 1,
        "change_message": "[{\"added\": {}}]"
    }
},
{
    "model": "admin.logentry",
    "pk": 33,
    "fields": {
        "action_time": "2021-04-05T17:41:33.002Z",
        "user": 1,
        "content_type": 14,
        "object_id": "1",
        "object_repr": "osama",
        "action_flag": 1,
        "change_message": "[{\"added\": {}}]"
    }
},
{
    "model": "admin.logentry",
    "pk": 34,
    "fields": {
        "action_time": "2021-04-05T18:00:57.555Z",
        "user": 1,
        "content_type": 12,
        "object_id": "1",
        "object_repr": "Bounty None to hackers.Hacker.None",
        "action_flag": 1,
        "change_message": "[{\"added\": {}}]"
    }
},
{
    "model": "admin.logentry",
    "pk": 35,
    "fields": {
        "action_time": "2021-04-05T18:01:05.499Z",
        "user": 1,
        "content_type": 19,
        "object_id": "1",
        "object_repr": "Web development",
        "action_flag": 1,
        "change_message": "[{\"added\": {}}]"
    }
},
{
    "model": "admin.logentry",
    "pk": 36,
    "fields": {
        "action_time": "2021-04-05T19:03:04.495Z",
        "user": 1,
        "content_type": 19,
        "object_id": "2",
        "object_repr": "XSS Attack on your site",
        "action_flag": 1,
        "change_message": "[{\"added\": {}}]"
    }
},
{
    "model": "admin.logentry",
    "pk": 37,
    "fields": {
        "action_time": "2021-04-05T19:04:10.163Z",
        "user": 1,
        "content_type": 19,
        "object_id": "3",
        "object_repr": "XSS Attack on your site 2",
        "action_flag": 1,
        "change_message": "[{\"added\": {}}]"
    }
},
{
    "model": "admin.logentry",
    "pk": 38,
    "fields": {
        "action_time": "2021-04-05T19:04:52.208Z",
        "user": 1,
        "content_type": 19,
        "object_id": "4",
        "object_repr": "XSS Attack on your site 3",
        "action_flag": 1,
        "change_message": "[{\"added\": {}}]"
    }
},
{
    "model": "admin.logentry",
    "pk": 39,
    "fields": {
        "action_time": "2021-04-05T19:05:20.136Z",
        "user": 1,
        "content_type": 8,
        "object_id": "1",
        "object_repr": "hacker",
        "action_flag": 1,
        "change_message": "[{\"added\": {}}]"
    }
},
{
    "model": "admin.logentry",
    "pk": 40,
    "fields": {
        "action_time": "2021-04-05T19:05:29.527Z",
        "user": 1,
        "content_type": 8,
        "object_id": "2",
        "object_repr": "program",
        "action_flag": 1,
        "change_message": "[{\"added\": {}}]"
    }
},
{
    "model": "admin.logentry",
    "pk": 41,
    "fields": {
        "action_time": "2021-04-05T19:05:37.553Z",
        "user": 1,
        "content_type": 8,
        "object_id": "3",
        "object_repr": "employee",
        "action_flag": 1,
        "change_message": "[{\"added\": {}}]"
    }
},
{
    "model": "admin.logentry",
    "pk": 42,
    "fields": {
        "action_time": "2021-04-07T15:35:19.915Z",
        "user": 1,
        "content_type": 9,
        "object_id": "1",
        "object_repr": "osama",
        "action_flag": 2,
        "change_message": "[{\"changed\": {\"fields\": [\"First name\", \"Last name\", \"Email address\", \"Bio\", \"Country\", \"Phone number\", \"Gender\", \"Verified email\", \"Verified phone\", \"Accept rules\", \"Role\"]}}]"
    }
},
{
    "model": "admin.logentry",
    "pk": 43,
    "fields": {
        "action_time": "2021-04-07T15:36:38.965Z",
        "user": 1,
        "content_type": 19,
        "object_id": "5",
        "object_repr": "اختراق ال forms",
        "action_flag": 1,
        "change_message": "[{\"added\": {}}]"
    }
},
{
    "model": "admin.logentry",
    "pk": 44,
    "fields": {
        "action_time": "2021-04-07T15:37:42.339Z",
        "user": 1,
        "content_type": 19,
        "object_id": "6",
        "object_repr": "اختراق بوابة الدفع",
        "action_flag": 1,
        "change_message": "[{\"added\": {}}]"
    }
},
{
    "model": "admin.logentry",
    "pk": 45,
    "fields": {
        "action_time": "2021-04-07T15:38:30.288Z",
        "user": 1,
        "content_type": 19,
        "object_id": "7",
        "object_repr": "Web attacks",
        "action_flag": 1,
        "change_message": "[{\"added\": {}}]"
    }
},
{
    "model": "admin.logentry",
    "pk": 46,
    "fields": {
        "action_time": "2021-04-07T15:39:52.137Z",
        "user": 1,
        "content_type": 19,
        "object_id": "8",
        "object_repr": "google forms attacks",
        "action_flag": 1,
        "change_message": "[{\"added\": {}}]"
    }
},
{
    "model": "admin.logentry",
    "pk": 47,
    "fields": {
        "action_time": "2021-04-07T15:42:46.423Z",
        "user": 1,
        "content_type": 11,
        "object_id": "2",
        "object_repr": "مستكشف ماهر",
        "action_flag": 1,
        "change_message": "[{\"added\": {}}]"
    }
},
{
    "model": "admin.logentry",
    "pk": 48,
    "fields": {
        "action_time": "2021-04-07T15:43:07.785Z",
        "user": 1,
        "content_type": 11,
        "object_id": "3",
        "object_repr": "مستكشف خبير",
        "action_flag": 1,
        "change_message": "[{\"added\": {}}]"
    }
},
{
    "model": "admin.logentry",
    "pk": 49,
    "fields": {
        "action_time": "2021-04-07T16:04:45.627Z",
        "user": 1,
        "content_type": 11,
        "object_id": "3",
        "object_repr": "مستكشف خبير",
        "action_flag": 2,
        "change_message": "[]"
    }
},
{
    "model": "admin.logentry",
    "pk": 50,
    "fields": {
        "action_time": "2021-04-07T16:14:16.933Z",
        "user": 1,
        "content_type": 16,
        "object_id": "5",
        "object_repr": "C#",
        "action_flag": 2,
        "change_message": "[{\"changed\": {\"fields\": [\"Rating\"]}}]"
    }
},
{
    "model": "admin.logentry",
    "pk": 51,
    "fields": {
        "action_time": "2021-04-07T16:14:29.984Z",
        "user": 1,
        "content_type": 16,
        "object_id": "4",
        "object_repr": "c++",
        "action_flag": 2,
        "change_message": "[{\"changed\": {\"fields\": [\"Rating\"]}}]"
    }
},
{
    "model": "admin.logentry",
    "pk": 52,
    "fields": {
        "action_time": "2021-04-07T16:14:37.356Z",
        "user": 1,
        "content_type": 16,
        "object_id": "3",
        "object_repr": "python",
        "action_flag": 2,
        "change_message": "[{\"changed\": {\"fields\": [\"Rating\"]}}]"
    }
},
{
    "model": "admin.logentry",
    "pk": 53,
    "fields": {
        "action_time": "2021-04-07T16:14:44.668Z",
        "user": 1,
        "content_type": 16,
        "object_id": "2",
        "object_repr": "CSS",
        "action_flag": 2,
        "change_message": "[{\"changed\": {\"fields\": [\"Rating\"]}}]"
    }
},
{
    "model": "admin.logentry",
    "pk": 54,
    "fields": {
        "action_time": "2021-04-07T16:14:50.059Z",
        "user": 1,
        "content_type": 16,
        "object_id": "1",
        "object_repr": "HTML",
        "action_flag": 2,
        "change_message": "[{\"changed\": {\"fields\": [\"Rating\"]}}]"
    }
},
{
    "model": "admin.logentry",
    "pk": 55,
    "fields": {
        "action_time": "2021-04-07T16:15:08.559Z",
        "user": 1,
        "content_type": 14,
        "object_id": "1",
        "object_repr": "osama",
        "action_flag": 2,
        "change_message": "[{\"changed\": {\"fields\": [\"Skills\", \"Badges\"]}}]"
    }
},
{
    "model": "admin.logentry",
    "pk": 56,
    "fields": {
        "action_time": "2021-04-07T16:16:33.390Z",
        "user": 1,
        "content_type": 19,
        "object_id": "9",
        "object_repr": "google forms attacks 23",
        "action_flag": 1,
        "change_message": "[{\"added\": {}}]"
    }
},
{
    "model": "admin.logentry",
    "pk": 57,
    "fields": {
        "action_time": "2021-04-07T16:17:34.601Z",
        "user": 1,
        "content_type": 19,
        "object_id": "10",
        "object_repr": "الثغرة المدمرة",
        "action_flag": 1,
        "change_message": "[{\"added\": {}}]"
    }
},
{
    "model": "sessions.session",
    "pk": "aezfzojv7es6roe12o399693z97uly9q",
    "fields": {
        "session_data": ".eJxVjDsOwjAQBe_iGlm21x-Wkj5nsNbrNQmgRMqnQtwdIqWA9s3Me6lM29rnbZE5D1VdlFWn360QP2TcQb3TeJs0T-M6D0Xvij7oorupyvN6uH8HPS39tzYxeEycEgaQ4iOAAWetCDaswMl5H5x3UlvkFsnZgMhoSBiaNXRW7w-y5jcd:1lTtng:P0T0kFzkOfw0y4Aj25moFx--QYzZ5jNhtRnMtnjcSPk",
        "expire_date": "2021-04-20T22:03:56.240Z"
    }
},
{
    "model": "sessions.session",
    "pk": "rdehuihbipeh3dcfhtrwos33mtoxtv6d",
    "fields": {
        "session_data": ".eJxVjDsOwjAQBe_iGlm21x-Wkj5nsNbrNQmgRMqnQtwdIqWA9s3Me6lM29rnbZE5D1VdlFWn360QP2TcQb3TeJs0T-M6D0Xvij7oorupyvN6uH8HPS39tzYxeEycEgaQ4iOAAWetCDaswMl5H5x3UlvkFsnZgMhoSBiaNXRW7w-y5jcd:1lT1qV:Jku9hOPSe3fbAhaJU-SYoG5ymjUe8pcoPloC69OBGVQ",
        "expire_date": "2021-04-18T12:27:15.626Z"
    }
},
{
    "model": "users.role",
    "pk": 1,
    "fields": {
        "name": "hacker"
    }
},
{
    "model": "users.role",
    "pk": 2,
    "fields": {
        "name": "program"
    }
},
{
    "model": "users.role",
    "pk": 3,
    "fields": {
        "name": "employee"
    }
},
{
    "model": "users.user",
    "pk": 1,
    "fields": {
        "password": "pbkdf2_sha256$216000$axQmv51I73RK$uyKOcsgquvce/jHMurIcoSDxRxcKTxNN6/pwJOH6JOE=",
        "last_login": "2021-04-06T22:03:56Z",
        "is_superuser": true,
        "username": "osama",
        "first_name": "Osama",
        "last_name": "Khaled",
        "email": "osamass9000@gmail.com",
        "is_staff": true,
        "is_active": true,
        "date_joined": "2021-04-04T09:17:13Z",
        "bio": "\"لوريم ايبسوم دولار سيت أميت ,كونسيكتيتور أدايبا يسكينج أليايت,سيت دو أيوسمود تيمبور\r\n\r\nأنكايديديونتيوت لابوري ات دولار ماجنا أليكيوا . يوت انيم أد مينيم فينايم,كيواس نوستريد",
        "country": "Egypt",
        "phone_number": "+201202931671",
        "gender": "male",
        "verified_email": true,
        "verified_phone": true,
        "accept_rules": true,
        "groups": [],
        "user_permissions": [],
        "role": [
            1
        ]
    }
},
{
    "model": "users.user",
    "pk": 2,
    "fields": {
        "password": "pbkdf2_sha256$216000$8fkQb5ozRkNx$qmmvICudFenfQ5p97O/FtbAr8Fm+hUESr6h+MNE2eRs=",
        "last_login": null,
        "is_superuser": false,
        "username": "ahmed",
        "first_name": "",
        "last_name": "",
        "email": "hackingtechnology29@gmail.com",
        "is_staff": false,
        "is_active": true,
        "date_joined": "2021-04-05T11:45:59.055Z",
        "bio": null,
        "country": "",
        "phone_number": "+201202931671",
        "gender": "male",
        "verified_email": false,
        "verified_phone": false,
        "accept_rules": true,
        "groups": [],
        "user_permissions": [],
        "role": []
    }
},
{
    "model": "users.user",
    "pk": 3,
    "fields": {
        "password": "pbkdf2_sha256$216000$6al2hDTU8A7X$e3dR6W7KmFhNcaS6j2lQqcN77pXkEhd6GV7ynxfnVpk=",
        "last_login": null,
        "is_superuser": false,
        "username": "moussa",
        "first_name": "",
        "last_name": "",
        "email": "moussa@gmail.com",
        "is_staff": false,
        "is_active": true,
        "date_joined": "2021-04-07T16:57:28.750Z",
        "bio": null,
        "country": "",
        "phone_number": "",
        "gender": "male",
        "verified_email": false,
        "verified_phone": false,
        "accept_rules": true,
        "groups": [],
        "user_permissions": [],
        "role": []
    }
},
{
    "model": "users.user",
    "pk": 4,
    "fields": {
        "password": "pbkdf2_sha256$216000$Bgwe7jz6lVfT$eWQwML22acOzMS3ru3i6Tq/OwUbt4b1EiK2lxFXiyVc=",
        "last_login": null,
        "is_superuser": false,
        "username": "moussa3",
        "first_name": "",
        "last_name": "",
        "email": "mouss4a@gmail.com",
        "is_staff": false,
        "is_active": true,
        "date_joined": "2021-04-07T18:07:30.357Z",
        "bio": null,
        "country": "",
        "phone_number": "",
        "gender": "male",
        "verified_email": false,
        "verified_phone": false,
        "accept_rules": true,
        "groups": [],
        "user_permissions": [],
        "role": []
    }
},
{
    "model": "hackers.skill",
    "pk": 1,
    "fields": {
        "name": "HTML",
        "rating": 6.0
    }
},
{
    "model": "hackers.skill",
    "pk": 2,
    "fields": {
        "name": "CSS",
        "rating": 8.0
    }
},
{
    "model": "hackers.skill",
    "pk": 3,
    "fields": {
        "name": "python",
        "rating": 9.0
    }
},
{
    "model": "hackers.skill",
    "pk": 4,
    "fields": {
        "name": "c++",
        "rating": 7.0
    }
},
{
    "model": "hackers.skill",
    "pk": 5,
    "fields": {
        "name": "C#",
        "rating": 8.0
    }
},
{
    "model": "hackers.badge",
    "pk": 1,
    "fields": {
        "name": "مستكشف اول",
        "description": "Lorem Ipsum is simply dummy text of the printing and typesetting industry. Lorem Ipsum has been the industry's standard dummy text ever since the 1500s",
        "image": "images_5.jpg"
    }
},
{
    "model": "hackers.badge",
    "pk": 2,
    "fields": {
        "name": "مستكشف ماهر",
        "description": "\"لوريم ايبسوم دولار سيت أميت ,كونسيكتيتور أدايبا يسكينج أليايت,سيت دو أيوسمود تيمبور\r\n\r\nأنكايديديونتيوت لابوري ات دولار ماجنا أليكيوا . يوت انيم أد مينيم فينايم,كيواس نوستريد",
        "image": "coming_soon.jpeg"
    }
},
{
    "model": "hackers.badge",
    "pk": 3,
    "fields": {
        "name": "مستكشف خبير",
        "description": "\"لوريم ايبسوم دولار سيت أميت ,كونسيكتيتور أدايبا يسكينج أليايت,سيت دو أيوسمود تيمبور\r\n\r\nأنكايديديونتيوت لابوري ات دولار ماجنا أليكيوا . يوت انيم أد مينيم فينايم,كيواس نوستريد",
        "image": "download.jpg"
    }
},
{
    "model": "hackers.weakness",
    "pk": 1,
    "fields": {
        "name": "Use of Hard-coded Cryptographic Key"
    }
},
{
    "model": "hackers.weakness",
    "pk": 2,
    "fields": {
        "name": "HTTP Response Splitting"
    }
},
{
    "model": "hackers.weakness",
    "pk": 3,
    "fields": {
        "name": "Memory Corruption - Generic"
    }
},
{
    "model": "hackers.weakness",
    "pk": 4,
    "fields": {
        "name": "Classic Buffer Overflow"
    }
},
{
    "model": "hackers.weakness",
    "pk": 5,
    "fields": {
        "name": "Stack Overflow"
    }
},
{
    "model": "hackers.weakness",
    "pk": 6,
    "fields": {
        "name": "Heap Overflow"
    }
},
{
    "model": "hackers.weakness",
    "pk": 7,
    "fields": {
        "name": "Write-what-where Condition"
    }
},
{
    "model": "hackers.weakness",
    "pk": 8,
    "fields": {
        "name": "Buffer Underflow"
    }
},
{
    "model": "hackers.weakness",
    "pk": 9,
    "fields": {
        "name": "Out-of-bounds Read"
    }
},
{
    "model": "hackers.weakness",
    "pk": 10,
    "fields": {
        "name": "Buffer Over-read"
    }
},
{
    "model": "hackers.owasp10",
    "pk": 1,
    "fields": {
        "name": "Injection"
    }
},
{
    "model": "hackers.owasp10",
    "pk": 2,
    "fields": {
        "name": "Broken Authentication"
    }
},
{
    "model": "hackers.owasp10",
    "pk": 3,
    "fields": {
        "name": "Sensitive Data Exposure"
    }
},
{
    "model": "hackers.owasp10",
    "pk": 4,
    "fields": {
        "name": "XML External Entities (XXE)"
    }
},
{
    "model": "hackers.owasp10",
    "pk": 5,
    "fields": {
        "name": "Broken Access control"
    }
},
{
    "model": "hackers.owasp10",
    "pk": 6,
    "fields": {
        "name": "Security misconfigurations"
    }
},
{
    "model": "hackers.owasp10",
    "pk": 7,
    "fields": {
        "name": "Cross Site Scripting (XSS)"
    }
},
{
    "model": "hackers.owasp10",
    "pk": 8,
    "fields": {
        "name": "Insecure Deserialization"
    }
},
{
    "model": "hackers.owasp10",
    "pk": 9,
    "fields": {
        "name": "Using Components with known vulnerabilities"
    }
},
{
    "model": "hackers.owasp10",
    "pk": 10,
    "fields": {
        "name": "Insufficient logging and monitoring"
    }
},
{
    "model": "hackers.report",
    "pk": 1,
    "fields": {
        "title": "Web development",
        "description": "Lorem Ipsum is simply dummy text of the printing and typesetting industry. Lorem Ipsum has been the industry's standard dummy text ever since the 1500s, when an unknown printer took a galley of type and scrambled it to make a type specimen book. It has survived not only five centuries, but also the leap into electronic typesetting, remaining essentially unchanged. It was popularised in the 1960s with the release of Letraset sheets containing Lorem Ipsum passages, and more recently with desktop publishing software like Aldus PageMaker including versions of Lorem Ipsum.",
        "triage_state": "accepted",
        "open_state": "processing",
        "close_state": "",
        "attachment": "hackers/reports/attachments/Web_development.jpeg",
        "video": "Lorem Ipsum is simply dummy text of the printing and typesetting industry. Lorem Ipsum has been the industry's standard dummy text ever since the 1500s, when an unknown printer took a galley of type and scrambled it to make a type specimen book. It has survived not only five centuries, but also the leap into electronic typesetting, remaining essentially unchanged. It was popularised in the 1960s with the release of Letraset sheets containing Lorem Ipsum passages, and more recently with desktop publishing software like Aldus PageMaker including versions of Lorem Ipsum.",
        "level": 2,
        "weakness": 1,
        "owasp10": 1,
        "owner": 1,
        "reported_to": 1,
        "comments": null,
        "submitted_at": "2021-04-05T18:01:05.495Z",
        "updated_at": "2021-04-05T18:01:05.495Z",
        "closed_at": "2021-04-05T18:01:05.495Z",
        "bounty": 1
    }
},
{
    "model": "hackers.report",
    "pk": 2,
    "fields": {
        "title": "XSS Attack on your site",
        "description": "Lorem ipsum dolor sit amet, consetetur sadipscing elitr, sed diam nonumy eirmod tempor invidunt ut labore et dolore magna aliquyam erat, sed diam voluptua. At vero eos et accusam et justo duo dolores et ea rebum. Stet clita kasd gubergren, no sea takimata sanctus est Lorem ipsum dolor sit amet. Lorem ipsum dolor sit amet, consetetur sadipscing elitr, sed diam nonumy eirmod tempor invidunt ut labore et dolore magna aliquyam erat, sed diam voluptua. At vero eos et accusam et justo duo dolores et ea rebum. Ste",
        "triage_state": "accepted",
        "open_state": "done",
        "close_state": "resolved",
        "attachment": "hackers/reports/attachments/XSS_Attack_on_your_site.jpeg",
        "video": "Lorem ipsum dolor sit amet, consetetur sadipscing elitr, sed diam nonumy eirmod tempor invidunt ut labore et dolore magna aliquyam erat, sed diam voluptua. At vero eos et accusam et justo duo dolores et ea rebum. Stet clita kasd gubergren, no sea takimata sanctus est Lorem ipsum dolor sit amet. Lorem ipsum dolor sit amet, consetetur sadipscing elitr, sed diam nonumy eirmod tempor invidunt ut labore et dolore magna aliquyam erat, sed diam voluptua. At vero eos et accusam et justo duo dolores et ea rebum. Ste",
        "level": 3,
        "weakness": 2,
        "owasp10": 2,
        "owner": 1,
        "reported_to": 1,
        "comments": null,
        "submitted_at": "2021-04-05T19:03:04.490Z",
        "updated_at": "2021-04-05T19:03:04.490Z",
        "closed_at": "2021-04-05T19:03:04.490Z",
        "bounty": 1
    }
},
{
    "model": "hackers.report",
    "pk": 3,
    "fields": {
        "title": "XSS Attack on your site 2",
        "description": "Lorem ipsum dolor sit amet, consetetur sadipscing elitr, sed diam nonumy eirmod tempor invidunt ut labore et dolore magna aliquyam erat, sed diam voluptua. At vero eos et accusam et justo duo dolores et ea rebum. Stet clita kasd gubergren, no sea takimata sanctus est Lorem ipsum dolor sit amet. Lorem ipsum dolor sit amet, consetetur sadipscing elitr, sed diam nonumy eirmod tempor invidunt ut labore et dolore magna aliquyam erat, sed diam voluptua. At vero eos et accusam et justo duo dolores et ea rebum. Ste",
        "triage_state": "accepted",
        "open_state": "processing",
        "close_state": "",
        "attachment": "hackers/reports/attachments/XSS_Attack_on_your_site_2.jpg",
        "video": "Lorem ipsum dolor sit amet, consetetur sadipscing elitr, sed diam nonumy eirmod tempor invidunt ut labore et dolore magna aliquyam erat, sed diam voluptua. At vero eos et accusam et justo duo dolores et ea rebum. Stet clita kasd gubergren, no sea takimata sanctus est Lorem ipsum dolor sit amet. Lorem ipsum dolor sit amet, consetetur sadipscing elitr, sed diam nonumy eirmod tempor invidunt ut labore et dolore magna aliquyam erat, sed diam voluptua. At vero eos et accusam et justo duo dolores et ea rebum. Ste",
        "level": 4,
        "weakness": 4,
        "owasp10": 4,
        "owner": 1,
        "reported_to": 1,
        "comments": null,
        "submitted_at": "2021-04-05T19:04:10.158Z",
        "updated_at": "2021-04-05T19:04:10.158Z",
        "closed_at": "2021-04-05T19:04:10.158Z",
        "bounty": 1
    }
},
{
    "model": "hackers.report",
    "pk": 4,
    "fields": {
        "title": "XSS Attack on your site 3",
        "description": "Lorem ipsum dolor sit amet, consetetur sadipscing elitr, sed diam nonumy eirmod tempor invidunt ut labore et dolore magna aliquyam erat, sed diam voluptua. At vero eos et accusam et justo duo dolores et ea rebum. Stet clita kasd gubergren, no sea takimata sanctus est Lorem ipsum dolor sit amet. Lorem ipsum dolor sit amet, consetetur sadipscing elitr, sed diam nonumy eirmod tempor invidunt ut labore et dolore magna aliquyam erat, sed diam voluptua. At vero eos et accusam et justo duo dolores et ea rebum. Ste",
        "triage_state": "accepted",
        "open_state": "done",
        "close_state": "duplicated",
        "attachment": "hackers/reports/attachments/XSS_Attack_on_your_site_3.jpg",
        "video": "Lorem ipsum dolor sit amet, consetetur sadipscing elitr, sed diam nonumy eirmod tempor invidunt ut labore et dolore magna aliquyam erat, sed diam voluptua. At vero eos et accusam et justo duo dolores et ea rebum. Stet clita kasd gubergren, no sea takimata sanctus est Lorem ipsum dolor sit amet. Lorem ipsum dolor sit amet, consetetur sadipscing elitr, sed diam nonumy eirmod tempor invidunt ut labore et dolore magna aliquyam erat, sed diam voluptua. At vero eos et accusam et justo duo dolores et ea rebum. Ste",
        "level": 5,
        "weakness": 4,
        "owasp10": 7,
        "owner": 1,
        "reported_to": 1,
        "comments": null,
        "submitted_at": "2021-04-05T19:04:52.203Z",
        "updated_at": "2021-04-05T19:04:52.203Z",
        "closed_at": "2021-04-05T19:04:52.203Z",
        "bounty": 1
    }
},
{
    "model": "hackers.report",
    "pk": 5,
    "fields": {
        "title": "اختراق ال forms",
        "description": "\"لوريم ايبسوم دولار سيت أميت ,كونسيكتيتور أدايبا يسكينج أليايت,سيت دو أيوسمود تيمبور\r\n\r\nأنكايديديونتيوت لابوري ات دولار ماجنا أليكيوا . يوت انيم أد مينيم فينايم,كيواس نوستريد",
        "triage_state": "accepted",
        "open_state": "need more info",
        "close_state": "",
        "attachment": "hackers/reports/attachments/اختراق_ال_forms.jpg",
        "video": "\"لوريم ايبسوم دولار سيت أميت ,كونسيكتيتور أدايبا يسكينج أليايت,سيت دو أيوسمود تيمبور\r\n\r\nأنكايديديونتيوت لابوري ات دولار ماجنا أليكيوا . يوت انيم أد مينيم فينايم,كيواس نوستريد",
        "level": 3,
        "weakness": 3,
        "owasp10": 3,
        "owner": 1,
        "reported_to": 1,
        "comments": null,
        "submitted_at": "2021-04-07T15:36:38.960Z",
        "updated_at": "2021-04-07T15:36:38.960Z",
        "closed_at": "2021-04-07T15:36:38.961Z",
        "bounty": null
    }
},
{
    "model": "hackers.report",
    "pk": 6,
    "fields": {
        "title": "اختراق بوابة الدفع",
        "description": "\"لوريم ايبسوم دولار سيت أميت ,كونسيكتيتور أدايبا يسكينج أليايت,سيت دو أيوسمود تيمبور\r\n\r\nأنكايديديونتيوت لابوري ات دولار ماجنا أليكيوا . يوت انيم أد مينيم فينايم,كيواس نوستريد",
        "triage_state": "accepted",
        "open_state": "done",
        "close_state": "resolved",
        "attachment": "hackers/reports/attachments/اختراق_بوابة_الدفع.jpg",
        "video": "\"لوريم ايبسوم دولار سيت أميت ,كونسيكتيتور أدايبا يسكينج أليايت,سيت دو أيوسمود تيمبور\r\n\r\nأنكايديديونتيوت لابوري ات دولار ماجنا أليكيوا . يوت انيم أد مينيم فينايم,كيواس نوستريد",
        "level": 2,
        "weakness": 2,
        "owasp10": 5,
        "owner": 1,
        "reported_to": 1,
        "comments": null,
        "submitted_at": "2021-04-07T15:37:42.333Z",
        "updated_at": "2021-04-07T15:37:42.333Z",
        "closed_at": "2021-04-07T15:37:42.333Z",
        "bounty": null
    }
},
{
    "model": "hackers.report",
    "pk": 7,
    "fields": {
        "title": "Web attacks",
        "description": "\"لوريم ايبسوم دولار سيت أميت ,كونسيكتيتور أدايبا يسكينج أليايت,سيت دو أيوسمود تيمبور\r\n\r\nأنكايديديونتيوت لابوري ات دولار ماجنا أليكيوا . يوت انيم أد مينيم فينايم,كيواس نوستريد",
        "triage_state": "accepted",
        "open_state": "done",
        "close_state": "informative",
        "attachment": "hackers/reports/attachments/Web_attacks.jpg",
        "video": "\"لوريم ايبسوم دولار سيت أميت ,كونسيكتيتور أدايبا يسكينج أليايت,سيت دو أيوسمود تيمبور\r\n\r\nأنكايديديونتيوت لابوري ات دولار ماجنا أليكيوا . يوت انيم أد مينيم فينايم,كيواس نوستريد",
        "level": 3,
        "weakness": 5,
        "owasp10": 5,
        "owner": 1,
        "reported_to": 1,
        "comments": null,
        "submitted_at": "2021-04-07T15:38:30.283Z",
        "updated_at": "2021-04-07T15:38:30.283Z",
        "closed_at": "2021-04-07T15:38:30.283Z",
        "bounty": null
    }
},
{
    "model": "hackers.report",
    "pk": 8,
    "fields": {
        "title": "google forms attacks",
        "description": "\"لوريم ايبسوم دولار سيت أميت ,كونسيكتيتور أدايبا يسكينج أليايت,سيت دو أيوسمود تيمبور\r\n\r\nأنكايديديونتيوت لابوري ات دولار ماجنا أليكيوا . يوت انيم أد مينيم فينايم,كيواس نوستريد",
        "triage_state": "accepted",
        "open_state": "processing",
        "close_state": "",
        "attachment": "hackers/reports/attachments/google_forms_attacks.jpeg",
        "video": "\"لوريم ايبسوم دولار سيت أميت ,كونسيكتيتور أدايبا يسكينج أليايت,سيت دو أيوسمود تيمبور\r\n\r\nأنكايديديونتيوت لابوري ات دولار ماجنا أليكيوا . يوت انيم أد مينيم فينايم,كيواس نوستريد",
        "level": 4,
        "weakness": 8,
        "owasp10": 6,
        "owner": 1,
        "reported_to": 1,
        "comments": null,
        "submitted_at": "2021-04-07T15:39:52.129Z",
        "updated_at": "2021-04-07T15:39:52.129Z",
        "closed_at": "2021-04-07T15:39:52.130Z",
        "bounty": null
    }
},
{
    "model": "hackers.report",
    "pk": 9,
    "fields": {
        "title": "google forms attacks 23",
        "description": "وريم ايبسوم دولار سيت أميت ,كونسيكتيتور أدايبا يسكينج أليايت,سيت دو أيوسمود تيمبور\r\n\r\nأنكايديديونتيوت لابوري ات دولار ماجنا أليكيوا . يوت انيم أد مينيم فينايم,كيواس نوستريد\r\n\r\nأكسير سيتاشن يللأمكو لابورأس نيسي يت أليكيوب أكس أيا كوممودو كونسيكيوات . ديواس\r\n\r\nأيوتي أريري دولار إن ريبريهينديرأيت فوليوبتاتي فيلايت أيسسي كايلليوم دولار أيو فيجايت\r\n\r\nنيولا باراياتيور. أيكسسيبتيور ساينت أوككايكات كيوبايداتات نون بروايدينت ,سيونت ان كيولبا\r\n\r\nكيو أوفيسيا ديسيريونتموليت انيم أيدي ايست لابوريوم.",
        "triage_state": "accepted",
        "open_state": "done",
        "close_state": "informative",
        "attachment": "hackers/reports/attachments/google_forms_attacks_23.jpg",
        "video": "وريم ايبسوم دولار سيت أميت ,كونسيكتيتور أدايبا يسكينج أليايت,سيت دو أيوسمود تيمبور\r\n\r\nأنكايديديونتيوت لابوري ات دولار ماجنا أليكيوا . يوت انيم أد مينيم فينايم,كيواس نوستريد\r\n\r\nأكسير سيتاشن يللأمكو لابورأس نيسي يت أليكيوب أكس أيا كوممودو كونسيكيوات . ديواس\r\n\r\nأيوتي أريري دولار إن ريبريهينديرأيت فوليوبتاتي فيلايت أيسسي كايلليوم دولار أيو فيجايت\r\n\r\nنيولا باراياتيور. أيكسسيبتيور ساينت أوككايكات كيوبايداتات نون بروايدينت ,سيونت ان كيولبا\r\n\r\nكيو أوفيسيا ديسيريونتموليت انيم أيدي ايست لابوريوم.",
        "level": 5,
        "weakness": 7,
        "owasp10": 8,
        "owner": 1,
        "reported_to": 1,
        "comments": null,
        "submitted_at": "2021-04-07T16:16:33.384Z",
        "updated_at": "2021-04-07T16:16:33.385Z",
        "closed_at": "2021-04-07T16:16:33.385Z",
        "bounty": null
    }
},
{
    "model": "hackers.report",
    "pk": 10,
    "fields": {
        "title": "الثغرة المدمرة",
        "description": "وريم ايبسوم دولار سيت أميت ,كونسيكتيتور أدايبا يسكينج أليايت,سيت دو أيوسمود تيمبور\r\n\r\nأنكايديديونتيوت لابوري ات دولار ماجنا أليكيوا . يوت انيم أد مينيم فينايم,كيواس نوستريد\r\n\r\nأكسير سيتاشن يللأمكو لابورأس نيسي يت أليكيوب أكس أيا كوممودو كونسيكيوات . ديواس\r\n\r\nأيوتي أريري دولار إن ريبريهينديرأيت فوليوبتاتي فيلايت أيسسي كايلليوم دولار أيو فيجايت\r\n\r\nنيولا باراياتيور. أيكسسيبتيور ساينت أوككايكات كيوبايداتات نون بروايدينت ,سيونت ان كيولبا\r\n\r\nكيو أوفيسيا ديسيريونتموليت انيم أيدي ايست لابوريوم.",
        "triage_state": "accepted",
        "open_state": "need more info",
        "close_state": "",
        "attachment": "hackers/reports/attachments/الثغرة_المدمرة.jpg",
        "video": "وريم ايبسوم دولار سيت أميت ,كونسيكتيتور أدايبا يسكينج أليايت,سيت دو أيوسمود تيمبور\r\n\r\nأنكايديديونتيوت لابوري ات دولار ماجنا أليكيوا . يوت انيم أد مينيم فينايم,كيواس نوستريد\r\n\r\nأكسير سيتاشن يللأمكو لابورأس نيسي يت أليكيوب أكس أيا كوممودو كونسيكيوات . ديواس\r\n\r\nأيوتي أريري دولار إن ريبريهينديرأيت فوليوبتاتي فيلايت أيسسي كايلليوم دولار أيو فيجايت\r\n\r\nنيولا باراياتيور. أيكسسيبتيور ساينت أوككايكات كيوبايداتات نون بروايدينت ,سيونت ان كيولبا\r\n\r\nكيو أوفيسيا ديسيريونتموليت انيم أيدي ايست لابوريوم.",
        "level": 2,
        "weakness": 10,
        "owasp10": 9,
        "owner": 1,
        "reported_to": 1,
        "comments": null,
        "submitted_at": "2021-04-07T16:17:34.594Z",
        "updated_at": "2021-04-07T16:17:34.594Z",
        "closed_at": "2021-04-07T16:17:34.595Z",
        "bounty": null
    }
},
{
    "model": "hackers.hacker",
    "pk": 1,
    "fields": {
        "account": 1,
        "birth_date": "2021-04-05",
        "avater": "hackers/avaters/osama.jpg",
        "rank": 4,
        "earnings": 6000.0,
        "points": 44,
        "github": "https://github.com/osama614/",
        "linkedin": "https://www.youtube.com/",
        "twitter": "https://www.youtube.com/",
        "skills": [
            1,
            2,
            3,
            4,
            5
        ],
        "badges": [
            1,
            2,
            3
        ]
    }
},
{
    "model": "hackers.bounty",
    "pk": 1,
    "fields": {
        "amount": 6000.0,
        "created_at": "2021-04-05T18:00:57.547Z",
        "payer": [
            1
        ],
        "recipient": [
            1
        ]
    }
},
{
    "model": "programs.level",
    "pk": 1,
    "fields": {
        "name": "none",
        "point": 0.0
    }
},
{
    "model": "programs.level",
    "pk": 2,
    "fields": {
        "name": "low",
        "point": 2.0
    }
},
{
    "model": "programs.level",
    "pk": 3,
    "fields": {
        "name": "medium",
        "point": 3.0
    }
},
{
    "model": "programs.level",
    "pk": 4,
    "fields": {
        "name": "high",
        "point": 5.0
    }
},
{
    "model": "programs.level",
    "pk": 5,
    "fields": {
        "name": "critical",
        "point": 7.0
    }
},
{
    "model": "programs.program",
    "pk": 1,
    "fields": {
        "admin": 2,
        "name": "Google",
        "logo": "programs/logos/Google.jpg",
        "url": "http://www.google.om",
        "policy": "Lorem Ipsum is simply dummy text of the printing and typesetting industry. Lorem Ipsum has been the industry's standard dummy text ever since the 1500s, when an unknown printer took a galley of type and scrambled it to make a type specimen book. It has survived not only five centuries, but also the leap into electronic typesetting, remaining essentially unchanged. It was popularised in the 1960s with the release of Letraset sheets containing Lorem Ipsum passages, and more recently with desktop publishing software like Aldus PageMaker including versions of Lorem Ipsum."
    }
},
{
    "model": "token_blacklist.outstandingtoken",
    "pk": 1,
    "fields": {
        "user": 1,
        "jti": "bf535b5b63994914b28b0871ef54cecc",
        "token": "eyJ0eXAiOiJKV1QiLCJhbGciOiJIUzI1NiJ9.eyJ0b2tlbl90eXBlIjoicmVmcmVzaCIsImV4cCI6MTYxNzYzNTU3MiwianRpIjoiYmY1MzViNWI2Mzk5NDkxNGIyOGIwODcxZWY1NGNlY2MiLCJ1c2VyX2lkIjoxfQ._XhGoTvILTBrQDCWEH8bu21q5K3LZJw7UXQhyIMjfNE",
        "created_at": "2021-04-04T15:12:52.461Z",
        "expires_at": "2021-04-05T15:12:52Z"
    }
},
{
    "model": "token_blacklist.outstandingtoken",
    "pk": 2,
    "fields": {
        "user": 1,
        "jti": "651565c4571441b5bd7a28b4218dfb3d",
        "token": "eyJ0eXAiOiJKV1QiLCJhbGciOiJIUzI1NiJ9.eyJ0b2tlbl90eXBlIjoicmVmcmVzaCIsImV4cCI6MTYxNzY0ODY3MSwianRpIjoiNjUxNTY1YzQ1NzE0NDFiNWJkN2EyOGI0MjE4ZGZiM2QiLCJ1c2VyX2lkIjoxfQ.onvqUejjGArErVJj1LLKnDaXgxku6vU_Z3W3k4kz8KU",
        "created_at": "2021-04-04T18:51:11.255Z",
        "expires_at": "2021-04-05T18:51:11Z"
    }
},
{
    "model": "token_blacklist.outstandingtoken",
    "pk": 3,
    "fields": {
        "user": 2,
        "jti": "426f56fdaf0141b1ae34da11d963b5e2",
        "token": "eyJ0eXAiOiJKV1QiLCJhbGciOiJIUzI1NiJ9.eyJ0b2tlbl90eXBlIjoicmVmcmVzaCIsImV4cCI6MTYxNzcwOTU1OSwianRpIjoiNDI2ZjU2ZmRhZjAxNDFiMWFlMzRkYTExZDk2M2I1ZTIiLCJ1c2VyX2lkIjoyfQ.HvQF-AdAqE9Bv819NWJbfkVXdulJKC8faxwVMEuYkDY",
        "created_at": "2021-04-05T11:45:59.504Z",
        "expires_at": "2021-04-06T11:45:59Z"
    }
},
{
    "model": "token_blacklist.outstandingtoken",
    "pk": 4,
    "fields": {
        "user": 1,
        "jti": "65f6a4d652d24d2bbd145f593669aceb",
        "token": "eyJ0eXAiOiJKV1QiLCJhbGciOiJIUzI1NiJ9.eyJ0b2tlbl90eXBlIjoicmVmcmVzaCIsImV4cCI6MTYxNzc0MzY3NiwianRpIjoiNjVmNmE0ZDY1MmQyNGQyYmJkMTQ1ZjU5MzY2OWFjZWIiLCJ1c2VyX2lkIjoxfQ.Y7sHOCKlHZFGXKuGtg9aV0xNA1v-697nizyZpcv0RjA",
        "created_at": "2021-04-05T21:14:36.029Z",
        "expires_at": "2021-04-06T21:14:36Z"
    }
},
{
    "model": "token_blacklist.outstandingtoken",
    "pk": 5,
    "fields": {
        "user": 1,
        "jti": "82facec00aa0435298a60f1bef2d7149",
        "token": "eyJ0eXAiOiJKV1QiLCJhbGciOiJIUzI1NiJ9.eyJ0b2tlbl90eXBlIjoicmVmcmVzaCIsImV4cCI6MTYxNzc1MTc4OCwianRpIjoiODJmYWNlYzAwYWEwNDM1Mjk4YTYwZjFiZWYyZDcxNDkiLCJ1c2VyX2lkIjoxfQ.CdrYIa0Wa09cuKmbLpQwO4NRR4G19M1WfpSPBQhjTt8",
        "created_at": "2021-04-05T23:29:48.581Z",
        "expires_at": "2021-04-06T23:29:48Z"
    }
},
{
    "model": "token_blacklist.outstandingtoken",
    "pk": 6,
    "fields": {
        "user": 1,
        "jti": "25c8386dd4ba4776b6724846acd34371",
        "token": "eyJ0eXAiOiJKV1QiLCJhbGciOiJIUzI1NiJ9.eyJ0b2tlbl90eXBlIjoicmVmcmVzaCIsImV4cCI6MTYxNzc1MTgwNCwianRpIjoiMjVjODM4NmRkNGJhNDc3NmI2NzI0ODQ2YWNkMzQzNzEiLCJ1c2VyX2lkIjoxfQ.qoAEeJpsWcc-Q0nE4Lm_UR8TDdu9rSG_iYbLpx0KY6o",
        "created_at": "2021-04-05T23:30:04.088Z",
        "expires_at": "2021-04-06T23:30:04Z"
    }
},
{
    "model": "token_blacklist.outstandingtoken",
    "pk": 7,
    "fields": {
        "user": 1,
        "jti": "458587c4df5a460b8810e15dc8e9e957",
        "token": "eyJ0eXAiOiJKV1QiLCJhbGciOiJIUzI1NiJ9.eyJ0b2tlbl90eXBlIjoicmVmcmVzaCIsImV4cCI6MTYxNzc4MjE1MywianRpIjoiNDU4NTg3YzRkZjVhNDYwYjg4MTBlMTVkYzhlOWU5NTciLCJ1c2VyX2lkIjoxfQ.iUZEHoZJ2rhZphiRDSqLI4ntLn3A8qTS1jsG3yxNdKc",
        "created_at": "2021-04-06T07:55:53.227Z",
        "expires_at": "2021-04-07T07:55:53Z"
    }
},
{
    "model": "token_blacklist.outstandingtoken",
    "pk": 8,
    "fields": {
        "user": 1,
        "jti": "76bbe18389174c75bae51db78825e540",
        "token": "eyJ0eXAiOiJKV1QiLCJhbGciOiJIUzI1NiJ9.eyJ0b2tlbl90eXBlIjoicmVmcmVzaCIsImV4cCI6MTYxNzc4MjM2NywianRpIjoiNzZiYmUxODM4OTE3NGM3NWJhZTUxZGI3ODgyNWU1NDAiLCJ1c2VyX2lkIjoxfQ.0mOfI-I4FFr6wq4s9f88-alYfjZNOEa2vdnuNs7UBWw",
        "created_at": "2021-04-06T07:59:27.745Z",
        "expires_at": "2021-04-07T07:59:27Z"
    }
},
{
    "model": "token_blacklist.outstandingtoken",
    "pk": 9,
    "fields": {
        "user": 1,
        "jti": "37a2691e4c2b419ebe0005063b400835",
        "token": "eyJ0eXAiOiJKV1QiLCJhbGciOiJIUzI1NiJ9.eyJ0b2tlbl90eXBlIjoicmVmcmVzaCIsImV4cCI6MTYxNzc4MjQ5NCwianRpIjoiMzdhMjY5MWU0YzJiNDE5ZWJlMDAwNTA2M2I0MDA4MzUiLCJ1c2VyX2lkIjoxfQ.q9Z_Z8ttd5pWboVD1CRF8qzu4qrpJF1wRDM9a0YtaDA",
        "created_at": "2021-04-06T08:01:34.514Z",
        "expires_at": "2021-04-07T08:01:34Z"
    }
},
{
    "model": "token_blacklist.outstandingtoken",
    "pk": 10,
    "fields": {
        "user": 1,
        "jti": "fc909934df6f442c967676a99b46300c",
        "token": "eyJ0eXAiOiJKV1QiLCJhbGciOiJIUzI1NiJ9.eyJ0b2tlbl90eXBlIjoicmVmcmVzaCIsImV4cCI6MTYxNzc4MjczMSwianRpIjoiZmM5MDk5MzRkZjZmNDQyYzk2NzY3NmE5OWI0NjMwMGMiLCJ1c2VyX2lkIjoxfQ.J94aspOTwAGmabRHil3jxMiOj8BlYEAM5PuwBRrMNpA",
        "created_at": "2021-04-06T08:05:31.438Z",
        "expires_at": "2021-04-07T08:05:31Z"
    }
},
{
    "model": "token_blacklist.outstandingtoken",
    "pk": 11,
    "fields": {
        "user": 1,
        "jti": "745e88ca2bdb4cf1ace6ced6ed8de544",
        "token": "eyJ0eXAiOiJKV1QiLCJhbGciOiJIUzI1NiJ9.eyJ0b2tlbl90eXBlIjoicmVmcmVzaCIsImV4cCI6MTYxNzc4Mjg4MCwianRpIjoiNzQ1ZTg4Y2EyYmRiNGNmMWFjZTZjZWQ2ZWQ4ZGU1NDQiLCJ1c2VyX2lkIjoxfQ.KeQceA1-FuGSx_T0GoiylQdK3JKoGbJ7Kp2aV2cZMM4",
        "created_at": "2021-04-06T08:08:00.651Z",
        "expires_at": "2021-04-07T08:08:00Z"
    }
},
{
    "model": "token_blacklist.outstandingtoken",
    "pk": 12,
    "fields": {
        "user": 1,
        "jti": "30c339dd90064133908b088c0c89eeb6",
        "token": "eyJ0eXAiOiJKV1QiLCJhbGciOiJIUzI1NiJ9.eyJ0b2tlbl90eXBlIjoicmVmcmVzaCIsImV4cCI6MTYxNzc4Mjk4NSwianRpIjoiMzBjMzM5ZGQ5MDA2NDEzMzkwOGIwODhjMGM4OWVlYjYiLCJ1c2VyX2lkIjoxfQ.eBH9zVNFYXFFkqqBlgHk81BTY77gMgwprYlP9hlZsWA",
        "created_at": "2021-04-06T08:09:45.419Z",
        "expires_at": "2021-04-07T08:09:45Z"
    }
},
{
    "model": "token_blacklist.outstandingtoken",
    "pk": 13,
    "fields": {
        "user": 1,
        "jti": "0aac1d8023a6482baf5390abe6827ea5",
        "token": "eyJ0eXAiOiJKV1QiLCJhbGciOiJIUzI1NiJ9.eyJ0b2tlbl90eXBlIjoicmVmcmVzaCIsImV4cCI6MTYxNzc4MzgyMCwianRpIjoiMGFhYzFkODAyM2E2NDgyYmFmNTM5MGFiZTY4MjdlYTUiLCJ1c2VyX2lkIjoxfQ.yua8oNUMw7mGaU_Fz1Ge6P2g_Sn8L1Eh6IKmAP3-ak8",
        "created_at": "2021-04-06T08:23:40.563Z",
        "expires_at": "2021-04-07T08:23:40Z"
    }
},
{
    "model": "token_blacklist.outstandingtoken",
    "pk": 14,
    "fields": {
        "user": 1,
        "jti": "29de49b2c10940529aafa200acab2d81",
        "token": "eyJ0eXAiOiJKV1QiLCJhbGciOiJIUzI1NiJ9.eyJ0b2tlbl90eXBlIjoicmVmcmVzaCIsImV4cCI6MTYxNzc4MzkxMywianRpIjoiMjlkZTQ5YjJjMTA5NDA1MjlhYWZhMjAwYWNhYjJkODEiLCJ1c2VyX2lkIjoxfQ.LZPEnO-ZvhUPg1iPWwQ-DaVRxckkMTVSdm__LFVtReY",
        "created_at": "2021-04-06T08:25:13.680Z",
        "expires_at": "2021-04-07T08:25:13Z"
    }
},
{
    "model": "token_blacklist.outstandingtoken",
    "pk": 15,
    "fields": {
        "user": 1,
        "jti": "08c4d629b1fa4c7db9af0ea4abca33dd",
        "token": "eyJ0eXAiOiJKV1QiLCJhbGciOiJIUzI1NiJ9.eyJ0b2tlbl90eXBlIjoicmVmcmVzaCIsImV4cCI6MTYxNzc4NDA2NSwianRpIjoiMDhjNGQ2MjliMWZhNGM3ZGI5YWYwZWE0YWJjYTMzZGQiLCJ1c2VyX2lkIjoxfQ.uvrlE3goRaCDZvclIvBJODqcUtHZAubleOGjnXrLFPc",
        "created_at": "2021-04-06T08:27:45.945Z",
        "expires_at": "2021-04-07T08:27:45Z"
    }
},
{
    "model": "token_blacklist.outstandingtoken",
    "pk": 16,
    "fields": {
        "user": 1,
        "jti": "773f8e5b49db460a8c268a3b4484e847",
        "token": "eyJ0eXAiOiJKV1QiLCJhbGciOiJIUzI1NiJ9.eyJ0b2tlbl90eXBlIjoicmVmcmVzaCIsImV4cCI6MTYxNzc4NDE2MiwianRpIjoiNzczZjhlNWI0OWRiNDYwYThjMjY4YTNiNDQ4NGU4NDciLCJ1c2VyX2lkIjoxfQ.06vT2edrohxJQFH82BP5qfjN5NGuLCicmk4XO6xeEnE",
        "created_at": "2021-04-06T08:29:22.897Z",
        "expires_at": "2021-04-07T08:29:22Z"
    }
},
{
    "model": "token_blacklist.outstandingtoken",
    "pk": 17,
    "fields": {
        "user": 1,
        "jti": "70953b800d4c41c6a7ff6ccc827ef937",
        "token": "eyJ0eXAiOiJKV1QiLCJhbGciOiJIUzI1NiJ9.eyJ0b2tlbl90eXBlIjoicmVmcmVzaCIsImV4cCI6MTYxNzc4NDYyMiwianRpIjoiNzA5NTNiODAwZDRjNDFjNmE3ZmY2Y2NjODI3ZWY5MzciLCJ1c2VyX2lkIjoxfQ.3uS6t3-T6DH4gxJGEfZ_ReCXsnUC7FnG0TgCst6nUU8",
        "created_at": "2021-04-06T08:37:02.060Z",
        "expires_at": "2021-04-07T08:37:02Z"
    }
},
{
    "model": "token_blacklist.outstandingtoken",
    "pk": 18,
    "fields": {
        "user": 1,
        "jti": "14e1dc6cd409448a8ef6178c3fa5f1b8",
        "token": "eyJ0eXAiOiJKV1QiLCJhbGciOiJIUzI1NiJ9.eyJ0b2tlbl90eXBlIjoicmVmcmVzaCIsImV4cCI6MTYxNzc4NTE0NiwianRpIjoiMTRlMWRjNmNkNDA5NDQ4YThlZjYxNzhjM2ZhNWYxYjgiLCJ1c2VyX2lkIjoxfQ.raArJRHkJNP--xpIWKUjJdmT5n-1lhJGB2ZuYBOZHxU",
        "created_at": "2021-04-06T08:45:46.681Z",
        "expires_at": "2021-04-07T08:45:46Z"
    }
},
{
    "model": "token_blacklist.outstandingtoken",
    "pk": 19,
    "fields": {
        "user": 1,
        "jti": "2397112f5c3143cf9acac2e1180f2662",
        "token": "eyJ0eXAiOiJKV1QiLCJhbGciOiJIUzI1NiJ9.eyJ0b2tlbl90eXBlIjoicmVmcmVzaCIsImV4cCI6MTYxNzc4NTIzOSwianRpIjoiMjM5NzExMmY1YzMxNDNjZjlhY2FjMmUxMTgwZjI2NjIiLCJ1c2VyX2lkIjoxfQ.UYe_jyglGfop3toKJmkQlJ3oimOfV5b94L57Cc_eCe4",
        "created_at": "2021-04-06T08:47:19.271Z",
        "expires_at": "2021-04-07T08:47:19Z"
    }
},
{
    "model": "token_blacklist.outstandingtoken",
    "pk": 20,
    "fields": {
        "user": 1,
        "jti": "281bb261e4354fbda66a39f2ed02ecbb",
        "token": "eyJ0eXAiOiJKV1QiLCJhbGciOiJIUzI1NiJ9.eyJ0b2tlbl90eXBlIjoicmVmcmVzaCIsImV4cCI6MTYxNzgzMDYyMSwianRpIjoiMjgxYmIyNjFlNDM1NGZiZGE2NmEzOWYyZWQwMmVjYmIiLCJ1c2VyX2lkIjoxfQ.oOclOXYBIP02O_ZrfyQgbhqztbtx20Y2mrflPNWfhc8",
        "created_at": "2021-04-06T21:23:41.153Z",
        "expires_at": "2021-04-07T21:23:41Z"
    }
},
{
    "model": "token_blacklist.outstandingtoken",
    "pk": 21,
    "fields": {
        "user": 1,
        "jti": "7f45f96d906745cc81ec02cf4b607aea",
        "token": "eyJ0eXAiOiJKV1QiLCJhbGciOiJIUzI1NiJ9.eyJ0b2tlbl90eXBlIjoicmVmcmVzaCIsImV4cCI6MTYxNzgzNTI2NiwianRpIjoiN2Y0NWY5NmQ5MDY3NDVjYzgxZWMwMmNmNGI2MDdhZWEiLCJ1c2VyX2lkIjoxfQ.FTvYlztfFoXGTytMC9lDQ7IKTO427p7PjWk2qQZX-Pc",
        "created_at": "2021-04-06T22:41:06.007Z",
        "expires_at": "2021-04-07T22:41:06Z"
    }
},
{
    "model": "token_blacklist.outstandingtoken",
    "pk": 22,
    "fields": {
        "user": 1,
        "jti": "55fd36760040421eb127ebca88410a97",
        "token": "eyJ0eXAiOiJKV1QiLCJhbGciOiJIUzI1NiJ9.eyJ0b2tlbl90eXBlIjoicmVmcmVzaCIsImV4cCI6MTYxNzgzNTc1NCwianRpIjoiNTVmZDM2NzYwMDQwNDIxZWIxMjdlYmNhODg0MTBhOTciLCJ1c2VyX2lkIjoxfQ.LZF9L3cpvZnB-EHCcuQb2-QCIPWQCfyu2bQDgvxufhg",
        "created_at": "2021-04-06T22:49:14.779Z",
        "expires_at": "2021-04-07T22:49:14Z"
    }
},
{
    "model": "token_blacklist.outstandingtoken",
    "pk": 23,
    "fields": {
        "user": 1,
        "jti": "249e41ba96474d2f9c2eb5ea6bc65513",
        "token": "eyJ0eXAiOiJKV1QiLCJhbGciOiJIUzI1NiJ9.eyJ0b2tlbl90eXBlIjoicmVmcmVzaCIsImV4cCI6MTYxNzgzNTgyMCwianRpIjoiMjQ5ZTQxYmE5NjQ3NGQyZjljMmViNWVhNmJjNjU1MTMiLCJ1c2VyX2lkIjoxfQ.Z_ADcUBdZcEuSfJQTEU8NRIlys-4wPtxKRKRZUORWcE",
        "created_at": "2021-04-06T22:50:20.024Z",
        "expires_at": "2021-04-07T22:50:20Z"
    }
},
{
    "model": "token_blacklist.outstandingtoken",
    "pk": 24,
    "fields": {
        "user": 1,
        "jti": "377245d5503d42419dcdf2e21fe93f47",
        "token": "eyJ0eXAiOiJKV1QiLCJhbGciOiJIUzI1NiJ9.eyJ0b2tlbl90eXBlIjoicmVmcmVzaCIsImV4cCI6MTYxNzg2NjM2MCwianRpIjoiMzc3MjQ1ZDU1MDNkNDI0MTlkY2RmMmUyMWZlOTNmNDciLCJ1c2VyX2lkIjoxfQ.S478_JTV81nwF4MW0fwidHCKZhExNsnLs8G9mEkWPCc",
        "created_at": "2021-04-07T07:19:20.546Z",
        "expires_at": "2021-04-08T07:19:20Z"
    }
},
{
    "model": "token_blacklist.outstandingtoken",
    "pk": 25,
    "fields": {
        "user": 1,
        "jti": "38b7fdb491e94c298c5754b61de93b9e",
        "token": "eyJ0eXAiOiJKV1QiLCJhbGciOiJIUzI1NiJ9.eyJ0b2tlbl90eXBlIjoicmVmcmVzaCIsImV4cCI6MTYxNzg2NzcxMCwianRpIjoiMzhiN2ZkYjQ5MWU5NGMyOThjNTc1NGI2MWRlOTNiOWUiLCJ1c2VyX2lkIjoxfQ.nmUzvnqs_0HIiFPqFvX8V8wdx0WmF-AYUquFMgCj2ME",
        "created_at": "2021-04-07T07:41:50.425Z",
        "expires_at": "2021-04-08T07:41:50Z"
    }
},
{
    "model": "token_blacklist.outstandingtoken",
    "pk": 26,
    "fields": {
        "user": 1,
        "jti": "a1a9b23a788543b39fedd09ea50a9653",
        "token": "eyJ0eXAiOiJKV1QiLCJhbGciOiJIUzI1NiJ9.eyJ0b2tlbl90eXBlIjoicmVmcmVzaCIsImV4cCI6MTYxNzg2NzcxNiwianRpIjoiYTFhOWIyM2E3ODg1NDNiMzlmZWRkMDllYTUwYTk2NTMiLCJ1c2VyX2lkIjoxfQ.9yRwuoOi9CQ1nS9owYFCXkhElZdpy74AW3ecFX7URsg",
        "created_at": "2021-04-07T07:41:56.882Z",
        "expires_at": "2021-04-08T07:41:56Z"
    }
},
{
    "model": "token_blacklist.outstandingtoken",
    "pk": 27,
    "fields": {
        "user": 1,
        "jti": "c3af63deda054ce48d1303b88df221ca",
        "token": "eyJ0eXAiOiJKV1QiLCJhbGciOiJIUzI1NiJ9.eyJ0b2tlbl90eXBlIjoicmVmcmVzaCIsImV4cCI6MTYxNzg2ODQ0NCwianRpIjoiYzNhZjYzZGVkYTA1NGNlNDhkMTMwM2I4OGRmMjIxY2EiLCJ1c2VyX2lkIjoxfQ.kE9F0UXm-b_8uk_B_9PR219rpW7CDsu6HQ5QXZ3f4C8",
        "created_at": "2021-04-07T07:54:04.788Z",
        "expires_at": "2021-04-08T07:54:04Z"
    }
},
{
    "model": "token_blacklist.outstandingtoken",
    "pk": 28,
    "fields": {
        "user": 1,
        "jti": "939b45efe0a942568c84cede07c0fd6d",
        "token": "eyJ0eXAiOiJKV1QiLCJhbGciOiJIUzI1NiJ9.eyJ0b2tlbl90eXBlIjoicmVmcmVzaCIsImV4cCI6MTYxNzg2ODQ0NiwianRpIjoiOTM5YjQ1ZWZlMGE5NDI1NjhjODRjZWRlMDdjMGZkNmQiLCJ1c2VyX2lkIjoxfQ.g-nfgDMuspcHmpfd4qqxdKqgT5nrZMgXkj5sWzowPo0",
        "created_at": "2021-04-07T07:54:06.515Z",
        "expires_at": "2021-04-08T07:54:06Z"
    }
},
{
    "model": "token_blacklist.outstandingtoken",
    "pk": 29,
    "fields": {
        "user": 1,
        "jti": "7c2f771267874c8199205a0f2b7df2df",
        "token": "eyJ0eXAiOiJKV1QiLCJhbGciOiJIUzI1NiJ9.eyJ0b2tlbl90eXBlIjoicmVmcmVzaCIsImV4cCI6MTYxNzg3MDEyOSwianRpIjoiN2MyZjc3MTI2Nzg3NGM4MTk5MjA1YTBmMmI3ZGYyZGYiLCJ1c2VyX2lkIjoxfQ.Rx2q_5bTGBATsR39_BaGQVMgUY-QAvCgVUFYlyPtSm4",
        "created_at": "2021-04-07T08:22:09.574Z",
        "expires_at": "2021-04-08T08:22:09Z"
    }
},
{
    "model": "token_blacklist.outstandingtoken",
    "pk": 30,
    "fields": {
        "user": 1,
        "jti": "c455f77b6a3f4eefa67df4df75466e63",
        "token": "eyJ0eXAiOiJKV1QiLCJhbGciOiJIUzI1NiJ9.eyJ0b2tlbl90eXBlIjoicmVmcmVzaCIsImV4cCI6MTYxNzg3MDMyNywianRpIjoiYzQ1NWY3N2I2YTNmNGVlZmE2N2RmNGRmNzU0NjZlNjMiLCJ1c2VyX2lkIjoxfQ.e_9ItVZ6bt_nDa3qoHor2n8NaH4eTVc3jwXRzDzst88",
        "created_at": "2021-04-07T08:25:27.159Z",
        "expires_at": "2021-04-08T08:25:27Z"
    }
},
{
    "model": "token_blacklist.outstandingtoken",
    "pk": 31,
    "fields": {
        "user": 1,
        "jti": "811d801406374e42a6c558cc8e55afe3",
        "token": "eyJ0eXAiOiJKV1QiLCJhbGciOiJIUzI1NiJ9.eyJ0b2tlbl90eXBlIjoicmVmcmVzaCIsImV4cCI6MTYxNzg3MDMyOSwianRpIjoiODExZDgwMTQwNjM3NGU0MmE2YzU1OGNjOGU1NWFmZTMiLCJ1c2VyX2lkIjoxfQ.DISNIz9jD85_MIUamt_YG_5y3zENBzJhrAQaP27UPwU",
        "created_at": "2021-04-07T08:25:29.045Z",
        "expires_at": "2021-04-08T08:25:29Z"
    }
},
{
    "model": "token_blacklist.outstandingtoken",
    "pk": 32,
    "fields": {
        "user": 1,
        "jti": "761345d74c394e358305cc57a55dcef4",
        "token": "eyJ0eXAiOiJKV1QiLCJhbGciOiJIUzI1NiJ9.eyJ0b2tlbl90eXBlIjoicmVmcmVzaCIsImV4cCI6MTYxNzg3MDY5NSwianRpIjoiNzYxMzQ1ZDc0YzM5NGUzNTgzMDVjYzU3YTU1ZGNlZjQiLCJ1c2VyX2lkIjoxfQ.E4QcC-t4tPPuJ4KgHYT42wUb1ELxA59thnR6cCh6qms",
        "created_at": "2021-04-07T08:31:35.441Z",
        "expires_at": "2021-04-08T08:31:35Z"
    }
},
{
    "model": "token_blacklist.outstandingtoken",
    "pk": 33,
    "fields": {
        "user": 1,
        "jti": "7443877bf6e64bcaa4e571967a797778",
        "token": "eyJ0eXAiOiJKV1QiLCJhbGciOiJIUzI1NiJ9.eyJ0b2tlbl90eXBlIjoicmVmcmVzaCIsImV4cCI6MTYxNzg3MDg3NiwianRpIjoiNzQ0Mzg3N2JmNmU2NGJjYWE0ZTU3MTk2N2E3OTc3NzgiLCJ1c2VyX2lkIjoxfQ.Ae4xo4gKCgJDmkyDbf9y9xKqrbJviweGwihmrUjKUss",
        "created_at": "2021-04-07T08:34:36.027Z",
        "expires_at": "2021-04-08T08:34:36Z"
    }
},
{
    "model": "token_blacklist.outstandingtoken",
    "pk": 34,
    "fields": {
        "user": 1,
        "jti": "017c08aeceea42d38e7571586e1ffe65",
        "token": "eyJ0eXAiOiJKV1QiLCJhbGciOiJIUzI1NiJ9.eyJ0b2tlbl90eXBlIjoicmVmcmVzaCIsImV4cCI6MTYxNzg3MTAzNiwianRpIjoiMDE3YzA4YWVjZWVhNDJkMzhlNzU3MTU4NmUxZmZlNjUiLCJ1c2VyX2lkIjoxfQ.G0CyDdhbaSTAsaka2ktiEZxO-a7bnJB89yj4d9KvnWI",
        "created_at": "2021-04-07T08:37:16.827Z",
        "expires_at": "2021-04-08T08:37:16Z"
    }
},
{
    "model": "token_blacklist.outstandingtoken",
    "pk": 35,
    "fields": {
        "user": 1,
        "jti": "30029511d60f469db0ea5d9ea86a35f5",
        "token": "eyJ0eXAiOiJKV1QiLCJhbGciOiJIUzI1NiJ9.eyJ0b2tlbl90eXBlIjoicmVmcmVzaCIsImV4cCI6MTYxNzg3MTA1NiwianRpIjoiMzAwMjk1MTFkNjBmNDY5ZGIwZWE1ZDllYTg2YTM1ZjUiLCJ1c2VyX2lkIjoxfQ.7qHofBWXFW0DNI4DDSSuBe_bCK-wzst3Fyg1O_axXek",
        "created_at": "2021-04-07T08:37:36.302Z",
        "expires_at": "2021-04-08T08:37:36Z"
    }
},
{
    "model": "token_blacklist.outstandingtoken",
    "pk": 36,
    "fields": {
        "user": 1,
        "jti": "125529c0f35b4102a1d145cb4f656a9b",
        "token": "eyJ0eXAiOiJKV1QiLCJhbGciOiJIUzI1NiJ9.eyJ0b2tlbl90eXBlIjoicmVmcmVzaCIsImV4cCI6MTYxNzg3MTE3NiwianRpIjoiMTI1NTI5YzBmMzViNDEwMmExZDE0NWNiNGY2NTZhOWIiLCJ1c2VyX2lkIjoxfQ.KA9M28qHf_8ttHfI1D3ABszJE4mK9yXZrajKUoG9dJ4",
        "created_at": "2021-04-07T08:39:36.603Z",
        "expires_at": "2021-04-08T08:39:36Z"
    }
},
{
    "model": "token_blacklist.outstandingtoken",
    "pk": 37,
    "fields": {
        "user": 1,
        "jti": "3b4dbe5e81ae4fe391be58586dc18ee2",
        "token": "eyJ0eXAiOiJKV1QiLCJhbGciOiJIUzI1NiJ9.eyJ0b2tlbl90eXBlIjoicmVmcmVzaCIsImV4cCI6MTYxNzg3MTM0NiwianRpIjoiM2I0ZGJlNWU4MWFlNGZlMzkxYmU1ODU4NmRjMThlZTIiLCJ1c2VyX2lkIjoxfQ.gHjWVh72MgkzkSfqOwVvzqbBiqgiUSNCzswP0-Y8V-k",
        "created_at": "2021-04-07T08:42:26.143Z",
        "expires_at": "2021-04-08T08:42:26Z"
    }
},
{
    "model": "token_blacklist.outstandingtoken",
    "pk": 38,
    "fields": {
        "user": 1,
        "jti": "96a5481e3fcf44e8b729c35b3e049e7f",
        "token": "eyJ0eXAiOiJKV1QiLCJhbGciOiJIUzI1NiJ9.eyJ0b2tlbl90eXBlIjoicmVmcmVzaCIsImV4cCI6MTYxNzg3MTQ4MCwianRpIjoiOTZhNTQ4MWUzZmNmNDRlOGI3MjljMzViM2UwNDllN2YiLCJ1c2VyX2lkIjoxfQ.HDRyHU2JklfrE3OpNSD1X9uwF2Zhv34QFb7uu8-ponU",
        "created_at": "2021-04-07T08:44:40.498Z",
        "expires_at": "2021-04-08T08:44:40Z"
    }
},
{
    "model": "token_blacklist.outstandingtoken",
    "pk": 39,
    "fields": {
        "user": 1,
        "jti": "26bb0272735e480c9da26c9f4d97d8e0",
        "token": "eyJ0eXAiOiJKV1QiLCJhbGciOiJIUzI1NiJ9.eyJ0b2tlbl90eXBlIjoicmVmcmVzaCIsImV4cCI6MTYxNzg3MTU2NiwianRpIjoiMjZiYjAyNzI3MzVlNDgwYzlkYTI2YzlmNGQ5N2Q4ZTAiLCJ1c2VyX2lkIjoxfQ.hh09tH46BDisYiryLHNaLOYJUejPSwt9f3ivlyQVmhQ",
        "created_at": "2021-04-07T08:46:06.156Z",
        "expires_at": "2021-04-08T08:46:06Z"
    }
},
{
    "model": "token_blacklist.outstandingtoken",
    "pk": 40,
    "fields": {
        "user": 1,
        "jti": "764809316cbc4876b8258398b4975477",
        "token": "eyJ0eXAiOiJKV1QiLCJhbGciOiJIUzI1NiJ9.eyJ0b2tlbl90eXBlIjoicmVmcmVzaCIsImV4cCI6MTYxNzg3MTgwNywianRpIjoiNzY0ODA5MzE2Y2JjNDg3NmI4MjU4Mzk4YjQ5NzU0NzciLCJ1c2VyX2lkIjoxfQ._R3tVJys1jBwtb0fBY2VcZf9YG2v7Re-1BngSpB0mj4",
        "created_at": "2021-04-07T08:50:07.333Z",
        "expires_at": "2021-04-08T08:50:07Z"
    }
},
{
    "model": "token_blacklist.outstandingtoken",
    "pk": 41,
    "fields": {
        "user": 1,
        "jti": "8c1b60c70deb439a9a7553e0b373641e",
        "token": "eyJ0eXAiOiJKV1QiLCJhbGciOiJIUzI1NiJ9.eyJ0b2tlbl90eXBlIjoicmVmcmVzaCIsImV4cCI6MTYxNzg3MzA4MiwianRpIjoiOGMxYjYwYzcwZGViNDM5YTlhNzU1M2UwYjM3MzY0MWUiLCJ1c2VyX2lkIjoxfQ.Tfaae-mn1B7fLGedvopFw8Bb0-RpqpH1zSswKLnvbjU",
        "created_at": "2021-04-07T09:11:22.202Z",
        "expires_at": "2021-04-08T09:11:22Z"
    }
},
{
    "model": "token_blacklist.outstandingtoken",
    "pk": 42,
    "fields": {
        "user": 1,
        "jti": "f028902d57ae4e77ae77d804ecf3d310",
        "token": "eyJ0eXAiOiJKV1QiLCJhbGciOiJIUzI1NiJ9.eyJ0b2tlbl90eXBlIjoicmVmcmVzaCIsImV4cCI6MTYxNzg3MzA5NSwianRpIjoiZjAyODkwMmQ1N2FlNGU3N2FlNzdkODA0ZWNmM2QzMTAiLCJ1c2VyX2lkIjoxfQ.THQ9BgDEmscs7nH1l5XHFqOyBisoY7-mbm5ayQhTkeg",
        "created_at": "2021-04-07T09:11:35.583Z",
        "expires_at": "2021-04-08T09:11:35Z"
    }
},
{
    "model": "token_blacklist.outstandingtoken",
    "pk": 43,
    "fields": {
        "user": 1,
        "jti": "740ea70850aa4cb88aae0b7c91d22c0c",
        "token": "eyJ0eXAiOiJKV1QiLCJhbGciOiJIUzI1NiJ9.eyJ0b2tlbl90eXBlIjoicmVmcmVzaCIsImV4cCI6MTYxNzg3MzEwMywianRpIjoiNzQwZWE3MDg1MGFhNGNiODhhYWUwYjdjOTFkMjJjMGMiLCJ1c2VyX2lkIjoxfQ.UyRT0A0HhwGH7X-ePoFma3T-aPH2dFCeaJdIgXEqtFs",
        "created_at": "2021-04-07T09:11:43.424Z",
        "expires_at": "2021-04-08T09:11:43Z"
    }
},
{
    "model": "token_blacklist.outstandingtoken",
    "pk": 44,
    "fields": {
        "user": 1,
        "jti": "e6381a08569e42eab6ccd165189e539a",
        "token": "eyJ0eXAiOiJKV1QiLCJhbGciOiJIUzI1NiJ9.eyJ0b2tlbl90eXBlIjoicmVmcmVzaCIsImV4cCI6MTYxNzg3MzEwNSwianRpIjoiZTYzODFhMDg1NjllNDJlYWI2Y2NkMTY1MTg5ZTUzOWEiLCJ1c2VyX2lkIjoxfQ.mPkaZ-nuHi9YYaPB5K_gQs-fNJJMKsZts7_o5wxx5iA",
        "created_at": "2021-04-07T09:11:45.804Z",
        "expires_at": "2021-04-08T09:11:45Z"
    }
},
{
    "model": "token_blacklist.outstandingtoken",
    "pk": 45,
    "fields": {
        "user": 1,
        "jti": "9920629412cc472f89654a4d8db45697",
        "token": "eyJ0eXAiOiJKV1QiLCJhbGciOiJIUzI1NiJ9.eyJ0b2tlbl90eXBlIjoicmVmcmVzaCIsImV4cCI6MTYxNzg3NzAxNywianRpIjoiOTkyMDYyOTQxMmNjNDcyZjg5NjU0YTRkOGRiNDU2OTciLCJ1c2VyX2lkIjoxfQ.XdMH5pTfBlBYF8EhBVZyuM_J_cg17PjzNAdzYXm6mUY",
        "created_at": "2021-04-07T10:16:57.964Z",
        "expires_at": "2021-04-08T10:16:57Z"
    }
},
{
    "model": "token_blacklist.outstandingtoken",
    "pk": 46,
    "fields": {
        "user": 1,
        "jti": "4a40bf91a28c441fbba90f768bc38a67",
        "token": "eyJ0eXAiOiJKV1QiLCJhbGciOiJIUzI1NiJ9.eyJ0b2tlbl90eXBlIjoicmVmcmVzaCIsImV4cCI6MTYxNzg3NzQ1NSwianRpIjoiNGE0MGJmOTFhMjhjNDQxZmJiYTkwZjc2OGJjMzhhNjciLCJ1c2VyX2lkIjoxfQ.MdnzMtptoNQpuhNGYPuOHk31WUkyAAz3OD35aV6bt1k",
        "created_at": "2021-04-07T10:24:15.380Z",
        "expires_at": "2021-04-08T10:24:15Z"
    }
},
{
    "model": "token_blacklist.outstandingtoken",
    "pk": 47,
    "fields": {
        "user": 1,
        "jti": "acf77ccaf513421fa401928acfa73827",
        "token": "eyJ0eXAiOiJKV1QiLCJhbGciOiJIUzI1NiJ9.eyJ0b2tlbl90eXBlIjoicmVmcmVzaCIsImV4cCI6MTYxNzg3Nzg3NiwianRpIjoiYWNmNzdjY2FmNTEzNDIxZmE0MDE5MjhhY2ZhNzM4MjciLCJ1c2VyX2lkIjoxfQ.yop8ogbYar7t04Ehw_ldEuHUPZLYMlkx7SYeAXxBh18",
        "created_at": "2021-04-07T10:31:16.569Z",
        "expires_at": "2021-04-08T10:31:16Z"
    }
},
{
    "model": "token_blacklist.outstandingtoken",
    "pk": 48,
    "fields": {
        "user": 1,
        "jti": "3bead420074740ee98eee8d27a6ef045",
        "token": "eyJ0eXAiOiJKV1QiLCJhbGciOiJIUzI1NiJ9.eyJ0b2tlbl90eXBlIjoicmVmcmVzaCIsImV4cCI6MTYxNzg3ODI5MSwianRpIjoiM2JlYWQ0MjAwNzQ3NDBlZTk4ZWVlOGQyN2E2ZWYwNDUiLCJ1c2VyX2lkIjoxfQ.5-L4FxbF06Y5h8Uie-bCuRtRwtKsDm2yn6Ju5nvIsuo",
        "created_at": "2021-04-07T10:38:11.748Z",
        "expires_at": "2021-04-08T10:38:11Z"
    }
},
{
    "model": "token_blacklist.outstandingtoken",
    "pk": 49,
    "fields": {
        "user": 1,
        "jti": "e4158639b136495f9c08e8c5d1a877e9",
        "token": "eyJ0eXAiOiJKV1QiLCJhbGciOiJIUzI1NiJ9.eyJ0b2tlbl90eXBlIjoicmVmcmVzaCIsImV4cCI6MTYxNzg3ODM4MSwianRpIjoiZTQxNTg2MzliMTM2NDk1ZjljMDhlOGM1ZDFhODc3ZTkiLCJ1c2VyX2lkIjoxfQ.833HLW_tiGDkr6oW1zcJgXwKf_kL3YuHMotcJq7Wr6E",
        "created_at": "2021-04-07T10:39:41.508Z",
        "expires_at": "2021-04-08T10:39:41Z"
    }
},
{
    "model": "token_blacklist.outstandingtoken",
    "pk": 50,
    "fields": {
        "user": 1,
        "jti": "0427bb9cca19486891ca22f15c8a93b0",
        "token": "eyJ0eXAiOiJKV1QiLCJhbGciOiJIUzI1NiJ9.eyJ0b2tlbl90eXBlIjoicmVmcmVzaCIsImV4cCI6MTYxNzg3OTU2MywianRpIjoiMDQyN2JiOWNjYTE5NDg2ODkxY2EyMmYxNWM4YTkzYjAiLCJ1c2VyX2lkIjoxfQ.sglAw8L6Zonz8m6SOUChG9pV5Uvlz_lKl-mgIC78EAM",
        "created_at": "2021-04-07T10:59:23.035Z",
        "expires_at": "2021-04-08T10:59:23Z"
    }
},
{
    "model": "token_blacklist.outstandingtoken",
    "pk": 51,
    "fields": {
        "user": 1,
        "jti": "b0d27c9b322946c6a7e0ef708a81a0df",
        "token": "eyJ0eXAiOiJKV1QiLCJhbGciOiJIUzI1NiJ9.eyJ0b2tlbl90eXBlIjoicmVmcmVzaCIsImV4cCI6MTYxNzg4NzY3NiwianRpIjoiYjBkMjdjOWIzMjI5NDZjNmE3ZTBlZjcwOGE4MWEwZGYiLCJ1c2VyX2lkIjoxfQ.6P2Xujc0g4kWwrtfN5qSREKLI8PR2ARiuF2kYXMM2Zk",
        "created_at": "2021-04-07T13:14:36.548Z",
        "expires_at": "2021-04-08T13:14:36Z"
    }
},
{
    "model": "token_blacklist.outstandingtoken",
    "pk": 52,
    "fields": {
        "user": 1,
        "jti": "d4fbb11481564147a2a40689b16412a9",
        "token": "eyJ0eXAiOiJKV1QiLCJhbGciOiJIUzI1NiJ9.eyJ0b2tlbl90eXBlIjoicmVmcmVzaCIsImV4cCI6MTYxNzg4ODk5NCwianRpIjoiZDRmYmIxMTQ4MTU2NDE0N2EyYTQwNjg5YjE2NDEyYTkiLCJ1c2VyX2lkIjoxfQ._FZWuTIzwri6Tf77YbxLikCgQ7ku62N2YHoI_yc3ldM",
        "created_at": "2021-04-07T13:36:34.078Z",
        "expires_at": "2021-04-08T13:36:34Z"
    }
},
{
    "model": "token_blacklist.outstandingtoken",
    "pk": 53,
    "fields": {
        "user": 1,
        "jti": "9b4e440a5e6641f2af196683c5827924",
        "token": "eyJ0eXAiOiJKV1QiLCJhbGciOiJIUzI1NiJ9.eyJ0b2tlbl90eXBlIjoicmVmcmVzaCIsImV4cCI6MTYxNzg5MzM0MCwianRpIjoiOWI0ZTQ0MGE1ZTY2NDFmMmFmMTk2NjgzYzU4Mjc5MjQiLCJ1c2VyX2lkIjoxfQ.cxMFPZqrbkOYL9cK7pwWvjm-CcHVESSJdwaxnb3gt8A",
        "created_at": "2021-04-07T14:49:00.125Z",
        "expires_at": "2021-04-08T14:49:00Z"
    }
},
{
    "model": "token_blacklist.outstandingtoken",
    "pk": 54,
    "fields": {
        "user": 1,
        "jti": "5434045e815c452cb21aa75bd6ba4b4f",
        "token": "eyJ0eXAiOiJKV1QiLCJhbGciOiJIUzI1NiJ9.eyJ0b2tlbl90eXBlIjoicmVmcmVzaCIsImV4cCI6MTYxNzg5MzM4NiwianRpIjoiNTQzNDA0NWU4MTVjNDUyY2IyMWFhNzViZDZiYTRiNGYiLCJ1c2VyX2lkIjoxfQ.vq1st6uRrzqcF1Tpux_qfCfZcWbjyCmOOjElRH4uCzw",
        "created_at": "2021-04-07T14:49:46.169Z",
        "expires_at": "2021-04-08T14:49:46Z"
    }
},
{
    "model": "token_blacklist.outstandingtoken",
    "pk": 55,
    "fields": {
        "user": 1,
        "jti": "0742cbe519e043b7b73424729a4484d0",
        "token": "eyJ0eXAiOiJKV1QiLCJhbGciOiJIUzI1NiJ9.eyJ0b2tlbl90eXBlIjoicmVmcmVzaCIsImV4cCI6MTYxNzg5MzQ2OCwianRpIjoiMDc0MmNiZTUxOWUwNDNiN2I3MzQyNDcyOWE0NDg0ZDAiLCJ1c2VyX2lkIjoxfQ.yOV7sDXbiYxejUrPVHJx5dKmtXX_Rk8pliFQnaXg8fE",
        "created_at": "2021-04-07T14:51:08.513Z",
        "expires_at": "2021-04-08T14:51:08Z"
    }
},
{
    "model": "token_blacklist.outstandingtoken",
    "pk": 56,
    "fields": {
        "user": 1,
        "jti": "2422ad88cddd4f7fa6d8149394dcfbfa",
        "token": "eyJ0eXAiOiJKV1QiLCJhbGciOiJIUzI1NiJ9.eyJ0b2tlbl90eXBlIjoicmVmcmVzaCIsImV4cCI6MTYxNzg5MzQ4MywianRpIjoiMjQyMmFkODhjZGRkNGY3ZmE2ZDgxNDkzOTRkY2ZiZmEiLCJ1c2VyX2lkIjoxfQ.TDQ6AsrBV16P78iqkU83YrnqfqLBng4Vs1kQYRPHuqE",
        "created_at": "2021-04-07T14:51:23.682Z",
        "expires_at": "2021-04-08T14:51:23Z"
    }
},
{
    "model": "token_blacklist.outstandingtoken",
    "pk": 57,
    "fields": {
        "user": 1,
        "jti": "f163923171c94064b822d1519162c6d7",
        "token": "eyJ0eXAiOiJKV1QiLCJhbGciOiJIUzI1NiJ9.eyJ0b2tlbl90eXBlIjoicmVmcmVzaCIsImV4cCI6MTYxNzg5MzQ5NiwianRpIjoiZjE2MzkyMzE3MWM5NDA2NGI4MjJkMTUxOTE2MmM2ZDciLCJ1c2VyX2lkIjoxfQ.QQABcZAoMaPxJcPq1dQATQ-4Q7ZrXBOtwoS8AZ51qVo",
        "created_at": "2021-04-07T14:51:36.543Z",
        "expires_at": "2021-04-08T14:51:36Z"
    }
},
{
    "model": "token_blacklist.outstandingtoken",
    "pk": 58,
    "fields": {
        "user": 1,
        "jti": "a641ff6eafee421a9a1a611d7307867a",
        "token": "eyJ0eXAiOiJKV1QiLCJhbGciOiJIUzI1NiJ9.eyJ0b2tlbl90eXBlIjoicmVmcmVzaCIsImV4cCI6MTYxNzg5MzY3MywianRpIjoiYTY0MWZmNmVhZmVlNDIxYTlhMWE2MTFkNzMwNzg2N2EiLCJ1c2VyX2lkIjoxfQ.SLu8qInB3FMhUIPEFKiwyeClPd80RGK078H2YOYSp94",
        "created_at": "2021-04-07T14:54:33.347Z",
        "expires_at": "2021-04-08T14:54:33Z"
    }
},
{
    "model": "token_blacklist.blacklistedtoken",
    "pk": 1,
    "fields": {
        "token": 51,
        "blacklisted_at": "2021-04-07T13:15:11.578Z"
    }
}
]
